SET session_replication_role = replica;

--
-- PostgreSQL database dump
--

-- \restrict NJlX6yCDwYKJde98c9wZ2Ke6FxWavv2G31IgAsjTeQiOruBW9MTb7BOI5HOf1fp

-- Dumped from database version 17.6
-- Dumped by pg_dump version 17.6

SET statement_timeout = 0;
SET lock_timeout = 0;
SET idle_in_transaction_session_timeout = 0;
SET transaction_timeout = 0;
SET client_encoding = 'UTF8';
SET standard_conforming_strings = on;
SELECT pg_catalog.set_config('search_path', '', false);
SET check_function_bodies = false;
SET xmloption = content;
SET client_min_messages = warning;
SET row_security = off;

--
-- Data for Name: audit_log_entries; Type: TABLE DATA; Schema: auth; Owner: supabase_auth_admin
--



--
-- Data for Name: custom_oauth_providers; Type: TABLE DATA; Schema: auth; Owner: supabase_auth_admin
--



--
-- Data for Name: flow_state; Type: TABLE DATA; Schema: auth; Owner: supabase_auth_admin
--



--
-- Data for Name: users; Type: TABLE DATA; Schema: auth; Owner: supabase_auth_admin
--

INSERT INTO "auth"."users" ("instance_id", "id", "aud", "role", "email", "encrypted_password", "email_confirmed_at", "invited_at", "confirmation_token", "confirmation_sent_at", "recovery_token", "recovery_sent_at", "email_change_token_new", "email_change", "email_change_sent_at", "last_sign_in_at", "raw_app_meta_data", "raw_user_meta_data", "is_super_admin", "created_at", "updated_at", "phone", "phone_confirmed_at", "phone_change", "phone_change_token", "phone_change_sent_at", "email_change_token_current", "email_change_confirm_status", "banned_until", "reauthentication_token", "reauthentication_sent_at", "is_sso_user", "deleted_at", "is_anonymous") VALUES
	('00000000-0000-0000-0000-000000000000', '58d6bdf2-d6ce-42c6-b896-131dac324bac', 'authenticated', 'authenticated', 'aaa@aaa.aaa', '$2a$10$bH8BIGz1dmqWofsidGYWwOjPDZVqXQWchon2mGsN/84P9bwQF9YpK', '2026-04-21 08:22:43.751614+00', NULL, '', NULL, '', NULL, '', '', NULL, '2026-04-23 16:43:41.35713+00', '{"provider": "email", "providers": ["email"]}', '{"email_verified": true}', NULL, '2026-04-21 08:22:43.73015+00', '2026-04-23 16:43:41.396441+00', NULL, NULL, '', '', NULL, '', 0, NULL, '', NULL, false, NULL, false);


--
-- Data for Name: identities; Type: TABLE DATA; Schema: auth; Owner: supabase_auth_admin
--

INSERT INTO "auth"."identities" ("provider_id", "user_id", "identity_data", "provider", "last_sign_in_at", "created_at", "updated_at", "id") VALUES
	('58d6bdf2-d6ce-42c6-b896-131dac324bac', '58d6bdf2-d6ce-42c6-b896-131dac324bac', '{"sub": "58d6bdf2-d6ce-42c6-b896-131dac324bac", "email": "aaa@aaa.aaa", "email_verified": false, "phone_verified": false}', 'email', '2026-04-21 08:22:43.742794+00', '2026-04-21 08:22:43.743454+00', '2026-04-21 08:22:43.743454+00', '88b4b34a-33b6-49eb-b801-00f21cafa2a5');


--
-- Data for Name: instances; Type: TABLE DATA; Schema: auth; Owner: supabase_auth_admin
--



--
-- Data for Name: oauth_clients; Type: TABLE DATA; Schema: auth; Owner: supabase_auth_admin
--



--
-- Data for Name: sessions; Type: TABLE DATA; Schema: auth; Owner: supabase_auth_admin
--

INSERT INTO "auth"."sessions" ("id", "user_id", "created_at", "updated_at", "factor_id", "aal", "not_after", "refreshed_at", "user_agent", "ip", "tag", "oauth_client_id", "refresh_token_hmac_key", "refresh_token_counter", "scopes") VALUES
	('f3384a89-0107-4b35-a53b-21d4636d518a', '58d6bdf2-d6ce-42c6-b896-131dac324bac', '2026-04-21 08:24:00.695384+00', '2026-04-21 08:24:00.695384+00', NULL, 'aal1', NULL, NULL, 'curl/8.7.1', '91.195.137.182', NULL, NULL, NULL, NULL, NULL),
	('04205b72-d2c4-48e4-a12b-c34af5d8d317', '58d6bdf2-d6ce-42c6-b896-131dac324bac', '2026-04-21 10:32:20.163359+00', '2026-04-21 10:32:20.163359+00', NULL, 'aal1', NULL, NULL, 'Mozilla/5.0 (Macintosh; Intel Mac OS X 10_15_7) AppleWebKit/537.36 (KHTML, like Gecko) Chrome/147.0.0.0 Safari/537.36', '91.195.137.182', NULL, NULL, NULL, NULL, NULL),
	('6b6b26ff-4955-4635-9edf-c7dee050c7fa', '58d6bdf2-d6ce-42c6-b896-131dac324bac', '2026-04-21 13:41:39.645652+00', '2026-04-21 13:41:39.645652+00', NULL, 'aal1', NULL, NULL, 'curl/8.7.1', '91.195.137.205', NULL, NULL, NULL, NULL, NULL),
	('e76a8951-d321-40d1-bb92-a76c0ac281b6', '58d6bdf2-d6ce-42c6-b896-131dac324bac', '2026-04-21 14:45:57.392648+00', '2026-04-21 14:45:57.392648+00', NULL, 'aal1', NULL, NULL, 'curl/8.7.1', '91.195.137.205', NULL, NULL, NULL, NULL, NULL),
	('7f596241-d539-489b-91ef-9ed904861779', '58d6bdf2-d6ce-42c6-b896-131dac324bac', '2026-04-21 14:46:15.043685+00', '2026-04-21 14:46:15.043685+00', NULL, 'aal1', NULL, NULL, 'curl/8.7.1', '91.195.137.205', NULL, NULL, NULL, NULL, NULL),
	('db6aadd6-d43e-4f3f-a8b1-c8d2ef02b94e', '58d6bdf2-d6ce-42c6-b896-131dac324bac', '2026-04-21 14:49:29.778284+00', '2026-04-21 14:49:29.778284+00', NULL, 'aal1', NULL, NULL, 'curl/8.7.1', '91.195.137.205', NULL, NULL, NULL, NULL, NULL),
	('656204c7-5c87-4f8a-a866-8d319ebec2db', '58d6bdf2-d6ce-42c6-b896-131dac324bac', '2026-04-21 14:53:33.42321+00', '2026-04-21 14:53:33.42321+00', NULL, 'aal1', NULL, NULL, 'curl/8.7.1', '91.195.137.205', NULL, NULL, NULL, NULL, NULL),
	('7bb3a38f-433d-40b1-98e8-d9ff25aa0a06', '58d6bdf2-d6ce-42c6-b896-131dac324bac', '2026-04-21 14:54:01.263966+00', '2026-04-21 14:54:01.263966+00', NULL, 'aal1', NULL, NULL, 'curl/8.7.1', '91.195.137.205', NULL, NULL, NULL, NULL, NULL),
	('5ce04d41-c800-430c-acdd-3da9f7096e46', '58d6bdf2-d6ce-42c6-b896-131dac324bac', '2026-04-21 14:54:55.351604+00', '2026-04-21 14:54:55.351604+00', NULL, 'aal1', NULL, NULL, 'curl/8.7.1', '91.195.137.205', NULL, NULL, NULL, NULL, NULL),
	('271f5893-83d7-4280-b5f1-4d07e6090db4', '58d6bdf2-d6ce-42c6-b896-131dac324bac', '2026-04-21 14:55:19.25049+00', '2026-04-21 14:55:19.25049+00', NULL, 'aal1', NULL, NULL, 'curl/8.7.1', '91.195.137.205', NULL, NULL, NULL, NULL, NULL),
	('ad1cf5b3-d4d1-4f9e-ac89-a1beefdb8542', '58d6bdf2-d6ce-42c6-b896-131dac324bac', '2026-04-21 15:07:30.314758+00', '2026-04-21 15:07:30.314758+00', NULL, 'aal1', NULL, NULL, 'curl/8.7.1', '91.195.137.205', NULL, NULL, NULL, NULL, NULL),
	('7587cf99-fa7b-49ec-aa70-83cf88a4ac10', '58d6bdf2-d6ce-42c6-b896-131dac324bac', '2026-04-21 15:08:41.642643+00', '2026-04-21 15:08:41.642643+00', NULL, 'aal1', NULL, NULL, 'curl/8.7.1', '91.195.137.205', NULL, NULL, NULL, NULL, NULL),
	('331a2fed-0e23-4e36-a2e6-0fe39ccc181d', '58d6bdf2-d6ce-42c6-b896-131dac324bac', '2026-04-21 15:09:06.488658+00', '2026-04-21 15:09:06.488658+00', NULL, 'aal1', NULL, NULL, 'curl/8.7.1', '91.195.137.205', NULL, NULL, NULL, NULL, NULL),
	('a0df0073-fa53-4cd4-9b2d-26bf25de84b9', '58d6bdf2-d6ce-42c6-b896-131dac324bac', '2026-04-21 15:09:58.502844+00', '2026-04-21 15:09:58.502844+00', NULL, 'aal1', NULL, NULL, 'curl/8.7.1', '91.195.137.205', NULL, NULL, NULL, NULL, NULL),
	('11c059b4-cad0-4d42-8168-4a2786f5ce90', '58d6bdf2-d6ce-42c6-b896-131dac324bac', '2026-04-21 15:12:20.927789+00', '2026-04-21 15:12:20.927789+00', NULL, 'aal1', NULL, NULL, 'curl/8.7.1', '91.195.137.205', NULL, NULL, NULL, NULL, NULL),
	('06137fa1-b4b2-4fae-ad11-a29074523b5f', '58d6bdf2-d6ce-42c6-b896-131dac324bac', '2026-04-21 15:13:28.899927+00', '2026-04-21 15:13:28.899927+00', NULL, 'aal1', NULL, NULL, 'curl/8.7.1', '91.195.137.205', NULL, NULL, NULL, NULL, NULL),
	('5234c78e-9110-4143-90a0-aacf83ab2720', '58d6bdf2-d6ce-42c6-b896-131dac324bac', '2026-04-21 15:57:31.107853+00', '2026-04-21 15:57:31.107853+00', NULL, 'aal1', NULL, NULL, 'python-httpx/0.28.1', '91.195.137.205', NULL, NULL, NULL, NULL, NULL),
	('655731ae-3685-4509-aed6-52f3f8fb8fc2', '58d6bdf2-d6ce-42c6-b896-131dac324bac', '2026-04-21 16:02:10.589913+00', '2026-04-21 16:02:10.589913+00', NULL, 'aal1', NULL, NULL, 'python-httpx/0.28.1', '91.195.137.205', NULL, NULL, NULL, NULL, NULL),
	('cdf542c9-f6d8-44d1-830c-257023d1d207', '58d6bdf2-d6ce-42c6-b896-131dac324bac', '2026-04-21 16:02:22.592547+00', '2026-04-21 16:02:22.592547+00', NULL, 'aal1', NULL, NULL, 'python-httpx/0.28.1', '91.195.137.205', NULL, NULL, NULL, NULL, NULL),
	('db45a248-3955-4f78-a46a-0cd6112992da', '58d6bdf2-d6ce-42c6-b896-131dac324bac', '2026-04-21 16:03:30.15509+00', '2026-04-21 16:03:30.15509+00', NULL, 'aal1', NULL, NULL, 'python-httpx/0.28.1', '91.195.137.205', NULL, NULL, NULL, NULL, NULL),
	('1f3f03de-c095-4a6c-81f5-3b783e594ba1', '58d6bdf2-d6ce-42c6-b896-131dac324bac', '2026-04-21 16:03:42.625498+00', '2026-04-21 16:03:42.625498+00', NULL, 'aal1', NULL, NULL, 'python-httpx/0.28.1', '91.195.137.205', NULL, NULL, NULL, NULL, NULL),
	('3baec457-6972-4abf-9436-577c1608bcd1', '58d6bdf2-d6ce-42c6-b896-131dac324bac', '2026-04-21 16:04:05.75696+00', '2026-04-21 16:04:05.75696+00', NULL, 'aal1', NULL, NULL, 'python-httpx/0.28.1', '91.195.137.205', NULL, NULL, NULL, NULL, NULL),
	('549e74e7-ff4e-4a03-b922-f69bac1d8689', '58d6bdf2-d6ce-42c6-b896-131dac324bac', '2026-04-21 18:14:52.05293+00', '2026-04-21 18:14:52.05293+00', NULL, 'aal1', NULL, NULL, 'python-httpx/0.28.1', '91.195.136.93', NULL, NULL, NULL, NULL, NULL),
	('394fdb1b-404e-47f3-8f4b-16f8a29c740e', '58d6bdf2-d6ce-42c6-b896-131dac324bac', '2026-04-21 18:23:14.451604+00', '2026-04-21 18:23:14.451604+00', NULL, 'aal1', NULL, NULL, 'python-httpx/0.28.1', '91.195.136.93', NULL, NULL, NULL, NULL, NULL),
	('775338b7-19c7-4bcb-9e85-57e83b085ca1', '58d6bdf2-d6ce-42c6-b896-131dac324bac', '2026-04-21 18:24:22.318093+00', '2026-04-21 18:24:22.318093+00', NULL, 'aal1', NULL, NULL, 'python-httpx/0.28.1', '91.195.136.93', NULL, NULL, NULL, NULL, NULL),
	('bc763904-e617-4aa1-8a3d-f0e7d200b489', '58d6bdf2-d6ce-42c6-b896-131dac324bac', '2026-04-21 18:24:48.677238+00', '2026-04-21 18:24:48.677238+00', NULL, 'aal1', NULL, NULL, 'python-httpx/0.28.1', '91.195.136.93', NULL, NULL, NULL, NULL, NULL),
	('62ac1bfa-80dd-4ee0-91b4-8b04b1e5a194', '58d6bdf2-d6ce-42c6-b896-131dac324bac', '2026-04-21 18:25:27.122104+00', '2026-04-21 18:25:27.122104+00', NULL, 'aal1', NULL, NULL, 'python-httpx/0.28.1', '91.195.136.93', NULL, NULL, NULL, NULL, NULL),
	('38038dba-a348-4999-9a72-283590eff117', '58d6bdf2-d6ce-42c6-b896-131dac324bac', '2026-04-21 18:25:47.992802+00', '2026-04-21 18:25:47.992802+00', NULL, 'aal1', NULL, NULL, 'python-httpx/0.28.1', '91.195.136.93', NULL, NULL, NULL, NULL, NULL),
	('c409b8c2-18d8-42ff-945a-06d959958577', '58d6bdf2-d6ce-42c6-b896-131dac324bac', '2026-04-21 18:27:30.06781+00', '2026-04-21 18:27:30.06781+00', NULL, 'aal1', NULL, NULL, 'python-httpx/0.28.1', '91.195.136.93', NULL, NULL, NULL, NULL, NULL),
	('f7d0face-2d7f-4340-8603-548640b13cb4', '58d6bdf2-d6ce-42c6-b896-131dac324bac', '2026-04-21 18:49:06.009727+00', '2026-04-21 18:49:06.009727+00', NULL, 'aal1', NULL, NULL, 'python-httpx/0.28.1', '91.195.136.93', NULL, NULL, NULL, NULL, NULL),
	('bdfbf9c7-79d2-4913-9c19-a1411161c35c', '58d6bdf2-d6ce-42c6-b896-131dac324bac', '2026-04-21 18:50:55.835531+00', '2026-04-21 18:50:55.835531+00', NULL, 'aal1', NULL, NULL, 'python-httpx/0.28.1', '91.195.136.93', NULL, NULL, NULL, NULL, NULL),
	('2845ec5e-5fc4-47bf-a252-8e8a6d7ca424', '58d6bdf2-d6ce-42c6-b896-131dac324bac', '2026-04-21 19:46:02.65425+00', '2026-04-21 19:46:02.65425+00', NULL, 'aal1', NULL, NULL, 'python-httpx/0.28.1', '91.195.137.182', NULL, NULL, NULL, NULL, NULL),
	('e8c16993-6b83-40c9-a313-54ba4bf8ae17', '58d6bdf2-d6ce-42c6-b896-131dac324bac', '2026-04-21 19:57:35.318718+00', '2026-04-21 19:57:35.318718+00', NULL, 'aal1', NULL, NULL, 'python-httpx/0.28.1', '91.195.137.182', NULL, NULL, NULL, NULL, NULL),
	('a396be7b-71a6-448c-be61-32a078fda030', '58d6bdf2-d6ce-42c6-b896-131dac324bac', '2026-04-21 19:57:50.947696+00', '2026-04-21 19:57:50.947696+00', NULL, 'aal1', NULL, NULL, 'python-httpx/0.28.1', '91.195.137.182', NULL, NULL, NULL, NULL, NULL),
	('a002afe8-4bb5-467a-b3b7-b77ea0e1782e', '58d6bdf2-d6ce-42c6-b896-131dac324bac', '2026-04-21 19:58:02.561575+00', '2026-04-21 19:58:02.561575+00', NULL, 'aal1', NULL, NULL, 'python-httpx/0.28.1', '91.195.137.182', NULL, NULL, NULL, NULL, NULL),
	('f314c5b8-14ef-437c-bee2-4f2923c441f5', '58d6bdf2-d6ce-42c6-b896-131dac324bac', '2026-04-21 19:58:12.149276+00', '2026-04-21 19:58:12.149276+00', NULL, 'aal1', NULL, NULL, 'python-httpx/0.28.1', '91.195.137.182', NULL, NULL, NULL, NULL, NULL),
	('ca72964f-199d-4dc5-a49d-55a04fea7348', '58d6bdf2-d6ce-42c6-b896-131dac324bac', '2026-04-21 20:26:34.76491+00', '2026-04-21 20:26:34.76491+00', NULL, 'aal1', NULL, NULL, 'python-httpx/0.28.1', '91.195.137.205', NULL, NULL, NULL, NULL, NULL),
	('44a41e16-533a-4de4-a507-b4a8394c7db6', '58d6bdf2-d6ce-42c6-b896-131dac324bac', '2026-04-21 20:26:48.332589+00', '2026-04-21 20:26:48.332589+00', NULL, 'aal1', NULL, NULL, 'python-httpx/0.28.1', '91.195.137.205', NULL, NULL, NULL, NULL, NULL),
	('a47ced6a-cd06-450e-be1b-1136df405550', '58d6bdf2-d6ce-42c6-b896-131dac324bac', '2026-04-21 20:28:10.483359+00', '2026-04-21 20:28:10.483359+00', NULL, 'aal1', NULL, NULL, 'python-httpx/0.28.1', '91.195.137.205', NULL, NULL, NULL, NULL, NULL),
	('987ee92b-7712-422c-ad6e-3dbb6aa5e55c', '58d6bdf2-d6ce-42c6-b896-131dac324bac', '2026-04-21 20:28:24.109981+00', '2026-04-21 20:28:24.109981+00', NULL, 'aal1', NULL, NULL, 'python-httpx/0.28.1', '91.195.137.205', NULL, NULL, NULL, NULL, NULL),
	('075d37a8-092c-4c9c-bfe4-f5f0efaf08d1', '58d6bdf2-d6ce-42c6-b896-131dac324bac', '2026-04-21 20:58:10.20073+00', '2026-04-21 20:58:10.20073+00', NULL, 'aal1', NULL, NULL, 'python-httpx/0.28.1', '52.45.111.185', NULL, NULL, NULL, NULL, NULL),
	('46b76294-158c-4779-9e02-36b24e792cf5', '58d6bdf2-d6ce-42c6-b896-131dac324bac', '2026-04-21 20:58:16.856184+00', '2026-04-21 20:58:16.856184+00', NULL, 'aal1', NULL, NULL, 'python-httpx/0.28.1', '52.45.111.185', NULL, NULL, NULL, NULL, NULL),
	('c0b99e70-3662-4a75-b9f6-2c8954bd5ffa', '58d6bdf2-d6ce-42c6-b896-131dac324bac', '2026-04-21 20:58:21.494292+00', '2026-04-21 20:58:21.494292+00', NULL, 'aal1', NULL, NULL, 'python-httpx/0.28.1', '52.45.111.185', NULL, NULL, NULL, NULL, NULL),
	('fc3d075b-4123-4a71-a50d-3d8fc560c10b', '58d6bdf2-d6ce-42c6-b896-131dac324bac', '2026-04-21 20:58:24.36364+00', '2026-04-21 20:58:24.36364+00', NULL, 'aal1', NULL, NULL, 'python-httpx/0.28.1', '52.45.111.185', NULL, NULL, NULL, NULL, NULL),
	('4d77b375-deac-4b4c-9d25-f32c69f71e4c', '58d6bdf2-d6ce-42c6-b896-131dac324bac', '2026-04-21 20:59:48.507429+00', '2026-04-21 20:59:48.507429+00', NULL, 'aal1', NULL, NULL, 'python-httpx/0.28.1', '52.45.111.185', NULL, NULL, NULL, NULL, NULL),
	('9f7696dc-5c9d-4baa-ab26-e2f2415fa627', '58d6bdf2-d6ce-42c6-b896-131dac324bac', '2026-04-21 21:00:00.612146+00', '2026-04-21 21:00:00.612146+00', NULL, 'aal1', NULL, NULL, 'python-httpx/0.28.1', '52.45.111.185', NULL, NULL, NULL, NULL, NULL),
	('2cdea89a-839d-40be-9c74-6f5757219b84', '58d6bdf2-d6ce-42c6-b896-131dac324bac', '2026-04-21 21:02:21.886848+00', '2026-04-21 21:02:21.886848+00', NULL, 'aal1', NULL, NULL, 'python-httpx/0.28.1', '52.45.111.185', NULL, NULL, NULL, NULL, NULL),
	('6aae9521-6311-4e05-88bb-a7675e90a896', '58d6bdf2-d6ce-42c6-b896-131dac324bac', '2026-04-21 21:02:31.602473+00', '2026-04-21 21:02:31.602473+00', NULL, 'aal1', NULL, NULL, 'python-httpx/0.28.1', '52.45.111.185', NULL, NULL, NULL, NULL, NULL),
	('7b454aaa-d296-4eff-8162-931d7c57dca8', '58d6bdf2-d6ce-42c6-b896-131dac324bac', '2026-04-21 21:05:11.879829+00', '2026-04-21 21:05:11.879829+00', NULL, 'aal1', NULL, NULL, 'python-httpx/0.28.1', '52.45.111.185', NULL, NULL, NULL, NULL, NULL),
	('a0701f15-4ce6-4e0c-9c5e-64d1ad8a0d4d', '58d6bdf2-d6ce-42c6-b896-131dac324bac', '2026-04-21 21:09:23.582031+00', '2026-04-21 21:09:23.582031+00', NULL, 'aal1', NULL, NULL, 'python-httpx/0.28.1', '52.45.111.185', NULL, NULL, NULL, NULL, NULL),
	('6a43db81-286c-40b3-9b56-a0aef7bdbedf', '58d6bdf2-d6ce-42c6-b896-131dac324bac', '2026-04-21 21:09:29.578009+00', '2026-04-21 21:09:29.578009+00', NULL, 'aal1', NULL, NULL, 'python-httpx/0.28.1', '52.45.111.185', NULL, NULL, NULL, NULL, NULL),
	('5d4d767e-753b-472a-82b4-60d994020cc1', '58d6bdf2-d6ce-42c6-b896-131dac324bac', '2026-04-21 21:09:36.459878+00', '2026-04-21 21:09:36.459878+00', NULL, 'aal1', NULL, NULL, 'python-httpx/0.28.1', '52.45.111.185', NULL, NULL, NULL, NULL, NULL),
	('e54b4763-0fb5-4491-8d66-baf23d2b87db', '58d6bdf2-d6ce-42c6-b896-131dac324bac', '2026-04-21 21:09:53.657589+00', '2026-04-21 21:09:53.657589+00', NULL, 'aal1', NULL, NULL, 'python-httpx/0.28.1', '52.45.111.185', NULL, NULL, NULL, NULL, NULL),
	('f70b764d-3769-47e7-825f-219595d4f864', '58d6bdf2-d6ce-42c6-b896-131dac324bac', '2026-04-21 21:10:28.448454+00', '2026-04-21 21:10:28.448454+00', NULL, 'aal1', NULL, NULL, 'python-httpx/0.28.1', '52.45.111.185', NULL, NULL, NULL, NULL, NULL),
	('adf02951-56e1-4df0-acc1-b3fa0b3dec74', '58d6bdf2-d6ce-42c6-b896-131dac324bac', '2026-04-21 21:19:22.984661+00', '2026-04-21 21:19:22.984661+00', NULL, 'aal1', NULL, NULL, 'python-httpx/0.28.1', '52.45.111.185', NULL, NULL, NULL, NULL, NULL),
	('57f81ca7-85a5-415a-afe2-26f9c0c950d2', '58d6bdf2-d6ce-42c6-b896-131dac324bac', '2026-04-21 21:19:46.700836+00', '2026-04-21 21:19:46.700836+00', NULL, 'aal1', NULL, NULL, 'python-httpx/0.28.1', '52.45.111.185', NULL, NULL, NULL, NULL, NULL),
	('7d95a803-3c42-48df-95ee-6228cfc19155', '58d6bdf2-d6ce-42c6-b896-131dac324bac', '2026-04-23 16:43:41.357943+00', '2026-04-23 16:43:41.357943+00', NULL, 'aal1', NULL, NULL, 'python-httpx/0.28.1', '52.45.111.185', NULL, NULL, NULL, NULL, NULL);


--
-- Data for Name: mfa_amr_claims; Type: TABLE DATA; Schema: auth; Owner: supabase_auth_admin
--

INSERT INTO "auth"."mfa_amr_claims" ("session_id", "created_at", "updated_at", "authentication_method", "id") VALUES
	('f3384a89-0107-4b35-a53b-21d4636d518a', '2026-04-21 08:24:00.716674+00', '2026-04-21 08:24:00.716674+00', 'password', '63302602-5f70-4585-b9f3-1421f82cb4d0'),
	('04205b72-d2c4-48e4-a12b-c34af5d8d317', '2026-04-21 10:32:20.192701+00', '2026-04-21 10:32:20.192701+00', 'password', '610accc3-94bc-48ea-9620-3a4237a929d1'),
	('6b6b26ff-4955-4635-9edf-c7dee050c7fa', '2026-04-21 13:41:39.674308+00', '2026-04-21 13:41:39.674308+00', 'password', '5ebb72d7-9eff-45a0-b18e-562e728c7d71'),
	('e76a8951-d321-40d1-bb92-a76c0ac281b6', '2026-04-21 14:45:57.416898+00', '2026-04-21 14:45:57.416898+00', 'password', 'bd76d7ea-30d4-4b16-b011-3993efb2dcfa'),
	('7f596241-d539-489b-91ef-9ed904861779', '2026-04-21 14:46:15.046776+00', '2026-04-21 14:46:15.046776+00', 'password', '4e0ae547-866c-46a4-86f7-fbbcf2da1a10'),
	('db6aadd6-d43e-4f3f-a8b1-c8d2ef02b94e', '2026-04-21 14:49:29.790506+00', '2026-04-21 14:49:29.790506+00', 'password', '6f89a555-6f25-4949-9681-e2ac021b1e54'),
	('656204c7-5c87-4f8a-a866-8d319ebec2db', '2026-04-21 14:53:33.43694+00', '2026-04-21 14:53:33.43694+00', 'password', '9e1260e3-99c5-46c3-8c83-1b9f65f493f4'),
	('7bb3a38f-433d-40b1-98e8-d9ff25aa0a06', '2026-04-21 14:54:01.270233+00', '2026-04-21 14:54:01.270233+00', 'password', 'e4053980-5b27-4a50-82e5-fc5409d3564e'),
	('5ce04d41-c800-430c-acdd-3da9f7096e46', '2026-04-21 14:54:55.360047+00', '2026-04-21 14:54:55.360047+00', 'password', '9812975b-a874-415e-9340-572a0aafe5d3'),
	('271f5893-83d7-4280-b5f1-4d07e6090db4', '2026-04-21 14:55:19.25322+00', '2026-04-21 14:55:19.25322+00', 'password', '9a6e785c-b585-4efc-a4f4-93e7afb7e61a'),
	('ad1cf5b3-d4d1-4f9e-ac89-a1beefdb8542', '2026-04-21 15:07:30.324725+00', '2026-04-21 15:07:30.324725+00', 'password', '222bbacf-8bb4-4a7e-a3bf-554636df542f'),
	('7587cf99-fa7b-49ec-aa70-83cf88a4ac10', '2026-04-21 15:08:41.660049+00', '2026-04-21 15:08:41.660049+00', 'password', '790f0227-e0e0-4606-bde8-96eb65c17be5'),
	('331a2fed-0e23-4e36-a2e6-0fe39ccc181d', '2026-04-21 15:09:06.492074+00', '2026-04-21 15:09:06.492074+00', 'password', '6da5bea4-c531-49c8-a8ad-223527a992f9'),
	('a0df0073-fa53-4cd4-9b2d-26bf25de84b9', '2026-04-21 15:09:58.505618+00', '2026-04-21 15:09:58.505618+00', 'password', '0368cad3-491e-4680-8c64-2cae870c7a7d'),
	('11c059b4-cad0-4d42-8168-4a2786f5ce90', '2026-04-21 15:12:20.937162+00', '2026-04-21 15:12:20.937162+00', 'password', '5420a455-e24d-4f49-9161-c38fdaa03216'),
	('06137fa1-b4b2-4fae-ad11-a29074523b5f', '2026-04-21 15:13:28.906584+00', '2026-04-21 15:13:28.906584+00', 'password', '73e14294-2599-40d0-99bb-82cba636bd70'),
	('5234c78e-9110-4143-90a0-aacf83ab2720', '2026-04-21 15:57:31.148939+00', '2026-04-21 15:57:31.148939+00', 'password', 'c4ff6066-af63-4106-be13-a2ef8a80d85d'),
	('655731ae-3685-4509-aed6-52f3f8fb8fc2', '2026-04-21 16:02:10.605484+00', '2026-04-21 16:02:10.605484+00', 'password', '5a5fe7a5-204a-4c05-9637-218f01147293'),
	('cdf542c9-f6d8-44d1-830c-257023d1d207', '2026-04-21 16:02:22.595382+00', '2026-04-21 16:02:22.595382+00', 'password', 'a7982be9-26ca-4034-8bed-a07301d6d536'),
	('db45a248-3955-4f78-a46a-0cd6112992da', '2026-04-21 16:03:30.175627+00', '2026-04-21 16:03:30.175627+00', 'password', '6aa56906-750f-45ae-afdf-403c0942274a'),
	('1f3f03de-c095-4a6c-81f5-3b783e594ba1', '2026-04-21 16:03:42.630489+00', '2026-04-21 16:03:42.630489+00', 'password', '4efb36e0-348e-4087-8635-bf72636eb281'),
	('3baec457-6972-4abf-9436-577c1608bcd1', '2026-04-21 16:04:05.759762+00', '2026-04-21 16:04:05.759762+00', 'password', 'c5116e5a-8bdf-43fe-8b0e-8ff82cb8a5f6'),
	('549e74e7-ff4e-4a03-b922-f69bac1d8689', '2026-04-21 18:14:52.077508+00', '2026-04-21 18:14:52.077508+00', 'password', '4781f6e2-b7a8-4c66-a422-bee607a7eb1d'),
	('394fdb1b-404e-47f3-8f4b-16f8a29c740e', '2026-04-21 18:23:14.473445+00', '2026-04-21 18:23:14.473445+00', 'password', '382ae5fa-8979-4919-a5e9-7395c3250372'),
	('775338b7-19c7-4bcb-9e85-57e83b085ca1', '2026-04-21 18:24:22.322106+00', '2026-04-21 18:24:22.322106+00', 'password', '24a76599-b91d-466f-aeb0-5b04a8d9791c'),
	('bc763904-e617-4aa1-8a3d-f0e7d200b489', '2026-04-21 18:24:48.689656+00', '2026-04-21 18:24:48.689656+00', 'password', '227a20eb-0943-4a8a-bd10-06e4283853e6'),
	('62ac1bfa-80dd-4ee0-91b4-8b04b1e5a194', '2026-04-21 18:25:27.124813+00', '2026-04-21 18:25:27.124813+00', 'password', 'f67c8bb9-c705-40ca-90a4-a5b33110f110'),
	('38038dba-a348-4999-9a72-283590eff117', '2026-04-21 18:25:47.995258+00', '2026-04-21 18:25:47.995258+00', 'password', '14402432-ce8a-4e68-ab0e-c6f64c449327'),
	('c409b8c2-18d8-42ff-945a-06d959958577', '2026-04-21 18:27:30.081157+00', '2026-04-21 18:27:30.081157+00', 'password', '5aa6ed45-7568-4323-a539-f4af8124aea3'),
	('f7d0face-2d7f-4340-8603-548640b13cb4', '2026-04-21 18:49:06.022238+00', '2026-04-21 18:49:06.022238+00', 'password', 'b44277d1-66dd-4812-92e0-1494341bad50'),
	('bdfbf9c7-79d2-4913-9c19-a1411161c35c', '2026-04-21 18:50:55.847715+00', '2026-04-21 18:50:55.847715+00', 'password', 'a123c163-f94b-4704-bdc1-faeb92e43037'),
	('2845ec5e-5fc4-47bf-a252-8e8a6d7ca424', '2026-04-21 19:46:02.701074+00', '2026-04-21 19:46:02.701074+00', 'password', 'd3c66a30-f86a-4d08-838e-023e66dca59f'),
	('e8c16993-6b83-40c9-a313-54ba4bf8ae17', '2026-04-21 19:57:35.334643+00', '2026-04-21 19:57:35.334643+00', 'password', '934a3e15-2c16-487b-a516-bd6a0ad676a3'),
	('a396be7b-71a6-448c-be61-32a078fda030', '2026-04-21 19:57:50.95244+00', '2026-04-21 19:57:50.95244+00', 'password', '632ccf00-05dd-4087-90f9-c126294cfa28'),
	('a002afe8-4bb5-467a-b3b7-b77ea0e1782e', '2026-04-21 19:58:02.564428+00', '2026-04-21 19:58:02.564428+00', 'password', 'daaa8abe-070a-449e-b2b8-58aded67f004'),
	('f314c5b8-14ef-437c-bee2-4f2923c441f5', '2026-04-21 19:58:12.152253+00', '2026-04-21 19:58:12.152253+00', 'password', 'e3cbe299-34ae-47a6-931b-0264b2d4266b'),
	('ca72964f-199d-4dc5-a49d-55a04fea7348', '2026-04-21 20:26:34.779415+00', '2026-04-21 20:26:34.779415+00', 'password', 'bed78207-9244-43f3-985d-467f1767989b'),
	('44a41e16-533a-4de4-a507-b4a8394c7db6', '2026-04-21 20:26:48.335152+00', '2026-04-21 20:26:48.335152+00', 'password', '5798578d-05f3-4f27-896e-b4a4130e270e'),
	('a47ced6a-cd06-450e-be1b-1136df405550', '2026-04-21 20:28:10.502256+00', '2026-04-21 20:28:10.502256+00', 'password', 'de37f09e-b421-44fe-81c4-b6dfd1d0adab'),
	('987ee92b-7712-422c-ad6e-3dbb6aa5e55c', '2026-04-21 20:28:24.112583+00', '2026-04-21 20:28:24.112583+00', 'password', 'b8c4aea7-7265-4da1-be11-e7a29594f518'),
	('075d37a8-092c-4c9c-bfe4-f5f0efaf08d1', '2026-04-21 20:58:10.212778+00', '2026-04-21 20:58:10.212778+00', 'password', 'fe0bc32a-848e-4db6-9219-107717d2a9c6'),
	('46b76294-158c-4779-9e02-36b24e792cf5', '2026-04-21 20:58:16.859712+00', '2026-04-21 20:58:16.859712+00', 'password', '98e51537-333e-40b4-aece-31f8f809c40f'),
	('c0b99e70-3662-4a75-b9f6-2c8954bd5ffa', '2026-04-21 20:58:21.497038+00', '2026-04-21 20:58:21.497038+00', 'password', 'be558274-f86e-482d-8d2e-1c2d9517772b'),
	('fc3d075b-4123-4a71-a50d-3d8fc560c10b', '2026-04-21 20:58:24.366197+00', '2026-04-21 20:58:24.366197+00', 'password', '53c160f8-9cac-4c23-a1d8-ad3ceeed6b70'),
	('4d77b375-deac-4b4c-9d25-f32c69f71e4c', '2026-04-21 20:59:48.517121+00', '2026-04-21 20:59:48.517121+00', 'password', 'ad45d6df-5b6d-4047-b270-0b66a1b2e7e2'),
	('9f7696dc-5c9d-4baa-ab26-e2f2415fa627', '2026-04-21 21:00:00.615161+00', '2026-04-21 21:00:00.615161+00', 'password', '9da47f82-632b-4e12-a559-188afd8c9b7f'),
	('2cdea89a-839d-40be-9c74-6f5757219b84', '2026-04-21 21:02:21.90178+00', '2026-04-21 21:02:21.90178+00', 'password', '7cacb8c5-5bcd-4c9b-a096-9f1e1febbf86'),
	('6aae9521-6311-4e05-88bb-a7675e90a896', '2026-04-21 21:02:31.605301+00', '2026-04-21 21:02:31.605301+00', 'password', 'c14ce987-40a2-4183-86c3-5ad1636b4176'),
	('7b454aaa-d296-4eff-8162-931d7c57dca8', '2026-04-21 21:05:11.890781+00', '2026-04-21 21:05:11.890781+00', 'password', '789e9079-08dd-448b-996b-fcbb534775d7'),
	('a0701f15-4ce6-4e0c-9c5e-64d1ad8a0d4d', '2026-04-21 21:09:23.596768+00', '2026-04-21 21:09:23.596768+00', 'password', 'ee5613b6-ab59-4932-923c-35e4d433d9ae'),
	('6a43db81-286c-40b3-9b56-a0aef7bdbedf', '2026-04-21 21:09:29.580508+00', '2026-04-21 21:09:29.580508+00', 'password', '503006fb-7e61-467a-ae6e-6e90bc200ae0'),
	('5d4d767e-753b-472a-82b4-60d994020cc1', '2026-04-21 21:09:36.462543+00', '2026-04-21 21:09:36.462543+00', 'password', '12156b91-44bb-4516-b7eb-307a3bcc543a'),
	('e54b4763-0fb5-4491-8d66-baf23d2b87db', '2026-04-21 21:09:53.660476+00', '2026-04-21 21:09:53.660476+00', 'password', '3ea8a3b1-1e98-480e-99fc-9b251bced7f6'),
	('f70b764d-3769-47e7-825f-219595d4f864', '2026-04-21 21:10:28.452134+00', '2026-04-21 21:10:28.452134+00', 'password', '51e3fc98-a5f1-4ccc-98ef-28aa11f8ed41'),
	('adf02951-56e1-4df0-acc1-b3fa0b3dec74', '2026-04-21 21:19:23.002458+00', '2026-04-21 21:19:23.002458+00', 'password', 'b94fac82-e498-42d7-b0e7-12938dc6f44b'),
	('57f81ca7-85a5-415a-afe2-26f9c0c950d2', '2026-04-21 21:19:46.703811+00', '2026-04-21 21:19:46.703811+00', 'password', 'a8812fda-7932-4d48-bfe4-5e632b134071'),
	('7d95a803-3c42-48df-95ee-6228cfc19155', '2026-04-23 16:43:41.402487+00', '2026-04-23 16:43:41.402487+00', 'password', '9a960ea2-ca4b-42a7-a68c-8e6c2e199631');


--
-- Data for Name: mfa_factors; Type: TABLE DATA; Schema: auth; Owner: supabase_auth_admin
--



--
-- Data for Name: mfa_challenges; Type: TABLE DATA; Schema: auth; Owner: supabase_auth_admin
--



--
-- Data for Name: oauth_authorizations; Type: TABLE DATA; Schema: auth; Owner: supabase_auth_admin
--



--
-- Data for Name: oauth_client_states; Type: TABLE DATA; Schema: auth; Owner: supabase_auth_admin
--



--
-- Data for Name: oauth_consents; Type: TABLE DATA; Schema: auth; Owner: supabase_auth_admin
--



--
-- Data for Name: one_time_tokens; Type: TABLE DATA; Schema: auth; Owner: supabase_auth_admin
--



--
-- Data for Name: refresh_tokens; Type: TABLE DATA; Schema: auth; Owner: supabase_auth_admin
--

INSERT INTO "auth"."refresh_tokens" ("instance_id", "id", "token", "user_id", "revoked", "created_at", "updated_at", "parent", "session_id") VALUES
	('00000000-0000-0000-0000-000000000000', 1, 'aqog37233l6c', '58d6bdf2-d6ce-42c6-b896-131dac324bac', false, '2026-04-21 08:24:00.706576+00', '2026-04-21 08:24:00.706576+00', NULL, 'f3384a89-0107-4b35-a53b-21d4636d518a'),
	('00000000-0000-0000-0000-000000000000', 2, '5nnm2ck4gu4z', '58d6bdf2-d6ce-42c6-b896-131dac324bac', false, '2026-04-21 10:32:20.180162+00', '2026-04-21 10:32:20.180162+00', NULL, '04205b72-d2c4-48e4-a12b-c34af5d8d317'),
	('00000000-0000-0000-0000-000000000000', 3, 'gncvq5e6b5n4', '58d6bdf2-d6ce-42c6-b896-131dac324bac', false, '2026-04-21 13:41:39.662441+00', '2026-04-21 13:41:39.662441+00', NULL, '6b6b26ff-4955-4635-9edf-c7dee050c7fa'),
	('00000000-0000-0000-0000-000000000000', 4, '5jwbqtjmr575', '58d6bdf2-d6ce-42c6-b896-131dac324bac', false, '2026-04-21 14:45:57.407213+00', '2026-04-21 14:45:57.407213+00', NULL, 'e76a8951-d321-40d1-bb92-a76c0ac281b6'),
	('00000000-0000-0000-0000-000000000000', 5, 'aeeliz2ht7ni', '58d6bdf2-d6ce-42c6-b896-131dac324bac', false, '2026-04-21 14:46:15.045092+00', '2026-04-21 14:46:15.045092+00', NULL, '7f596241-d539-489b-91ef-9ed904861779'),
	('00000000-0000-0000-0000-000000000000', 6, 'o3q3xmui7fpq', '58d6bdf2-d6ce-42c6-b896-131dac324bac', false, '2026-04-21 14:49:29.788044+00', '2026-04-21 14:49:29.788044+00', NULL, 'db6aadd6-d43e-4f3f-a8b1-c8d2ef02b94e'),
	('00000000-0000-0000-0000-000000000000', 7, 'ual6vzlfreaj', '58d6bdf2-d6ce-42c6-b896-131dac324bac', false, '2026-04-21 14:53:33.433026+00', '2026-04-21 14:53:33.433026+00', NULL, '656204c7-5c87-4f8a-a866-8d319ebec2db'),
	('00000000-0000-0000-0000-000000000000', 8, 'g4lqa77pmifq', '58d6bdf2-d6ce-42c6-b896-131dac324bac', false, '2026-04-21 14:54:01.266801+00', '2026-04-21 14:54:01.266801+00', NULL, '7bb3a38f-433d-40b1-98e8-d9ff25aa0a06'),
	('00000000-0000-0000-0000-000000000000', 9, 'iaravosboddd', '58d6bdf2-d6ce-42c6-b896-131dac324bac', false, '2026-04-21 14:54:55.358444+00', '2026-04-21 14:54:55.358444+00', NULL, '5ce04d41-c800-430c-acdd-3da9f7096e46'),
	('00000000-0000-0000-0000-000000000000', 10, 'gu4rtair2htj', '58d6bdf2-d6ce-42c6-b896-131dac324bac', false, '2026-04-21 14:55:19.251804+00', '2026-04-21 14:55:19.251804+00', NULL, '271f5893-83d7-4280-b5f1-4d07e6090db4'),
	('00000000-0000-0000-0000-000000000000', 11, 'f36lzljx7ci3', '58d6bdf2-d6ce-42c6-b896-131dac324bac', false, '2026-04-21 15:07:30.320153+00', '2026-04-21 15:07:30.320153+00', NULL, 'ad1cf5b3-d4d1-4f9e-ac89-a1beefdb8542'),
	('00000000-0000-0000-0000-000000000000', 12, 'ndrvzrskqa5m', '58d6bdf2-d6ce-42c6-b896-131dac324bac', false, '2026-04-21 15:08:41.651512+00', '2026-04-21 15:08:41.651512+00', NULL, '7587cf99-fa7b-49ec-aa70-83cf88a4ac10'),
	('00000000-0000-0000-0000-000000000000', 13, 'qddz5hhm7l4c', '58d6bdf2-d6ce-42c6-b896-131dac324bac', false, '2026-04-21 15:09:06.490764+00', '2026-04-21 15:09:06.490764+00', NULL, '331a2fed-0e23-4e36-a2e6-0fe39ccc181d'),
	('00000000-0000-0000-0000-000000000000', 14, 'bel52e4qtlxn', '58d6bdf2-d6ce-42c6-b896-131dac324bac', false, '2026-04-21 15:09:58.504036+00', '2026-04-21 15:09:58.504036+00', NULL, 'a0df0073-fa53-4cd4-9b2d-26bf25de84b9'),
	('00000000-0000-0000-0000-000000000000', 15, '55dtgpn43qhc', '58d6bdf2-d6ce-42c6-b896-131dac324bac', false, '2026-04-21 15:12:20.93316+00', '2026-04-21 15:12:20.93316+00', NULL, '11c059b4-cad0-4d42-8168-4a2786f5ce90'),
	('00000000-0000-0000-0000-000000000000', 16, '3bg6p7a6rkgi', '58d6bdf2-d6ce-42c6-b896-131dac324bac', false, '2026-04-21 15:13:28.903304+00', '2026-04-21 15:13:28.903304+00', NULL, '06137fa1-b4b2-4fae-ad11-a29074523b5f'),
	('00000000-0000-0000-0000-000000000000', 17, 'c724nm4w4wpd', '58d6bdf2-d6ce-42c6-b896-131dac324bac', false, '2026-04-21 15:57:31.126476+00', '2026-04-21 15:57:31.126476+00', NULL, '5234c78e-9110-4143-90a0-aacf83ab2720'),
	('00000000-0000-0000-0000-000000000000', 18, 'ggnaqmzz755l', '58d6bdf2-d6ce-42c6-b896-131dac324bac', false, '2026-04-21 16:02:10.598195+00', '2026-04-21 16:02:10.598195+00', NULL, '655731ae-3685-4509-aed6-52f3f8fb8fc2'),
	('00000000-0000-0000-0000-000000000000', 19, 'syzknm5ytx7n', '58d6bdf2-d6ce-42c6-b896-131dac324bac', false, '2026-04-21 16:02:22.593922+00', '2026-04-21 16:02:22.593922+00', NULL, 'cdf542c9-f6d8-44d1-830c-257023d1d207'),
	('00000000-0000-0000-0000-000000000000', 20, 'tsaex4xhnvc3', '58d6bdf2-d6ce-42c6-b896-131dac324bac', false, '2026-04-21 16:03:30.169407+00', '2026-04-21 16:03:30.169407+00', NULL, 'db45a248-3955-4f78-a46a-0cd6112992da'),
	('00000000-0000-0000-0000-000000000000', 21, 'lx7yoodp6g4v', '58d6bdf2-d6ce-42c6-b896-131dac324bac', false, '2026-04-21 16:03:42.629111+00', '2026-04-21 16:03:42.629111+00', NULL, '1f3f03de-c095-4a6c-81f5-3b783e594ba1'),
	('00000000-0000-0000-0000-000000000000', 22, 'ju6pwguzzwmu', '58d6bdf2-d6ce-42c6-b896-131dac324bac', false, '2026-04-21 16:04:05.758276+00', '2026-04-21 16:04:05.758276+00', NULL, '3baec457-6972-4abf-9436-577c1608bcd1'),
	('00000000-0000-0000-0000-000000000000', 23, 'blwlnlqoaslp', '58d6bdf2-d6ce-42c6-b896-131dac324bac', false, '2026-04-21 18:14:52.068832+00', '2026-04-21 18:14:52.068832+00', NULL, '549e74e7-ff4e-4a03-b922-f69bac1d8689'),
	('00000000-0000-0000-0000-000000000000', 24, '7hljjippwmjf', '58d6bdf2-d6ce-42c6-b896-131dac324bac', false, '2026-04-21 18:23:14.466877+00', '2026-04-21 18:23:14.466877+00', NULL, '394fdb1b-404e-47f3-8f4b-16f8a29c740e'),
	('00000000-0000-0000-0000-000000000000', 25, '7ncklnu2x424', '58d6bdf2-d6ce-42c6-b896-131dac324bac', false, '2026-04-21 18:24:22.319846+00', '2026-04-21 18:24:22.319846+00', NULL, '775338b7-19c7-4bcb-9e85-57e83b085ca1'),
	('00000000-0000-0000-0000-000000000000', 26, '2buq2m6hc2xv', '58d6bdf2-d6ce-42c6-b896-131dac324bac', false, '2026-04-21 18:24:48.687258+00', '2026-04-21 18:24:48.687258+00', NULL, 'bc763904-e617-4aa1-8a3d-f0e7d200b489'),
	('00000000-0000-0000-0000-000000000000', 27, 'kgatibnvjk3y', '58d6bdf2-d6ce-42c6-b896-131dac324bac', false, '2026-04-21 18:25:27.123441+00', '2026-04-21 18:25:27.123441+00', NULL, '62ac1bfa-80dd-4ee0-91b4-8b04b1e5a194'),
	('00000000-0000-0000-0000-000000000000', 28, 'dnf6t6hkhdtl', '58d6bdf2-d6ce-42c6-b896-131dac324bac', false, '2026-04-21 18:25:47.993876+00', '2026-04-21 18:25:47.993876+00', NULL, '38038dba-a348-4999-9a72-283590eff117'),
	('00000000-0000-0000-0000-000000000000', 29, '3wpawlekoajt', '58d6bdf2-d6ce-42c6-b896-131dac324bac', false, '2026-04-21 18:27:30.076974+00', '2026-04-21 18:27:30.076974+00', NULL, 'c409b8c2-18d8-42ff-945a-06d959958577'),
	('00000000-0000-0000-0000-000000000000', 30, 'qkxrkufexj5b', '58d6bdf2-d6ce-42c6-b896-131dac324bac', false, '2026-04-21 18:49:06.017756+00', '2026-04-21 18:49:06.017756+00', NULL, 'f7d0face-2d7f-4340-8603-548640b13cb4'),
	('00000000-0000-0000-0000-000000000000', 31, 'lczcyaodread', '58d6bdf2-d6ce-42c6-b896-131dac324bac', false, '2026-04-21 18:50:55.843321+00', '2026-04-21 18:50:55.843321+00', NULL, 'bdfbf9c7-79d2-4913-9c19-a1411161c35c'),
	('00000000-0000-0000-0000-000000000000', 32, 'mvdzgghtxnyg', '58d6bdf2-d6ce-42c6-b896-131dac324bac', false, '2026-04-21 19:46:02.6815+00', '2026-04-21 19:46:02.6815+00', NULL, '2845ec5e-5fc4-47bf-a252-8e8a6d7ca424'),
	('00000000-0000-0000-0000-000000000000', 33, '732vcw6cjpxl', '58d6bdf2-d6ce-42c6-b896-131dac324bac', false, '2026-04-21 19:57:35.33065+00', '2026-04-21 19:57:35.33065+00', NULL, 'e8c16993-6b83-40c9-a313-54ba4bf8ae17'),
	('00000000-0000-0000-0000-000000000000', 34, '733lr7yg5xlx', '58d6bdf2-d6ce-42c6-b896-131dac324bac', false, '2026-04-21 19:57:50.948915+00', '2026-04-21 19:57:50.948915+00', NULL, 'a396be7b-71a6-448c-be61-32a078fda030'),
	('00000000-0000-0000-0000-000000000000', 35, 'qgnuxzqanqtf', '58d6bdf2-d6ce-42c6-b896-131dac324bac', false, '2026-04-21 19:58:02.563004+00', '2026-04-21 19:58:02.563004+00', NULL, 'a002afe8-4bb5-467a-b3b7-b77ea0e1782e'),
	('00000000-0000-0000-0000-000000000000', 36, '4mhwby7fuyvx', '58d6bdf2-d6ce-42c6-b896-131dac324bac', false, '2026-04-21 19:58:12.150788+00', '2026-04-21 19:58:12.150788+00', NULL, 'f314c5b8-14ef-437c-bee2-4f2923c441f5'),
	('00000000-0000-0000-0000-000000000000', 37, '62pucxoy74af', '58d6bdf2-d6ce-42c6-b896-131dac324bac', false, '2026-04-21 20:26:34.773703+00', '2026-04-21 20:26:34.773703+00', NULL, 'ca72964f-199d-4dc5-a49d-55a04fea7348'),
	('00000000-0000-0000-0000-000000000000', 38, '5ecmgw2uusdy', '58d6bdf2-d6ce-42c6-b896-131dac324bac', false, '2026-04-21 20:26:48.333851+00', '2026-04-21 20:26:48.333851+00', NULL, '44a41e16-533a-4de4-a507-b4a8394c7db6'),
	('00000000-0000-0000-0000-000000000000', 39, 'lfmuotonkugo', '58d6bdf2-d6ce-42c6-b896-131dac324bac', false, '2026-04-21 20:28:10.495002+00', '2026-04-21 20:28:10.495002+00', NULL, 'a47ced6a-cd06-450e-be1b-1136df405550'),
	('00000000-0000-0000-0000-000000000000', 40, 'lwcvi2gwezai', '58d6bdf2-d6ce-42c6-b896-131dac324bac', false, '2026-04-21 20:28:24.111238+00', '2026-04-21 20:28:24.111238+00', NULL, '987ee92b-7712-422c-ad6e-3dbb6aa5e55c'),
	('00000000-0000-0000-0000-000000000000', 41, 'eqdyx3rb2cxb', '58d6bdf2-d6ce-42c6-b896-131dac324bac', false, '2026-04-21 20:58:10.209123+00', '2026-04-21 20:58:10.209123+00', NULL, '075d37a8-092c-4c9c-bfe4-f5f0efaf08d1'),
	('00000000-0000-0000-0000-000000000000', 42, '2qgawgxere7j', '58d6bdf2-d6ce-42c6-b896-131dac324bac', false, '2026-04-21 20:58:16.858137+00', '2026-04-21 20:58:16.858137+00', NULL, '46b76294-158c-4779-9e02-36b24e792cf5'),
	('00000000-0000-0000-0000-000000000000', 43, 'nhe5mnpm4l53', '58d6bdf2-d6ce-42c6-b896-131dac324bac', false, '2026-04-21 20:58:21.495638+00', '2026-04-21 20:58:21.495638+00', NULL, 'c0b99e70-3662-4a75-b9f6-2c8954bd5ffa'),
	('00000000-0000-0000-0000-000000000000', 44, 'dlla4wj2xw2s', '58d6bdf2-d6ce-42c6-b896-131dac324bac', false, '2026-04-21 20:58:24.364874+00', '2026-04-21 20:58:24.364874+00', NULL, 'fc3d075b-4123-4a71-a50d-3d8fc560c10b'),
	('00000000-0000-0000-0000-000000000000', 45, 'o32h7ngtlqap', '58d6bdf2-d6ce-42c6-b896-131dac324bac', false, '2026-04-21 20:59:48.511946+00', '2026-04-21 20:59:48.511946+00', NULL, '4d77b375-deac-4b4c-9d25-f32c69f71e4c'),
	('00000000-0000-0000-0000-000000000000', 46, '5c77e6azwehp', '58d6bdf2-d6ce-42c6-b896-131dac324bac', false, '2026-04-21 21:00:00.613513+00', '2026-04-21 21:00:00.613513+00', NULL, '9f7696dc-5c9d-4baa-ab26-e2f2415fa627'),
	('00000000-0000-0000-0000-000000000000', 47, 'qyfv22mo2zch', '58d6bdf2-d6ce-42c6-b896-131dac324bac', false, '2026-04-21 21:02:21.894383+00', '2026-04-21 21:02:21.894383+00', NULL, '2cdea89a-839d-40be-9c74-6f5757219b84'),
	('00000000-0000-0000-0000-000000000000', 48, 'dvckczp6fs2u', '58d6bdf2-d6ce-42c6-b896-131dac324bac', false, '2026-04-21 21:02:31.60386+00', '2026-04-21 21:02:31.60386+00', NULL, '6aae9521-6311-4e05-88bb-a7675e90a896'),
	('00000000-0000-0000-0000-000000000000', 49, '36ghlstoi32y', '58d6bdf2-d6ce-42c6-b896-131dac324bac', false, '2026-04-21 21:05:11.886166+00', '2026-04-21 21:05:11.886166+00', NULL, '7b454aaa-d296-4eff-8162-931d7c57dca8'),
	('00000000-0000-0000-0000-000000000000', 50, '5fr7icwprfio', '58d6bdf2-d6ce-42c6-b896-131dac324bac', false, '2026-04-21 21:09:23.591415+00', '2026-04-21 21:09:23.591415+00', NULL, 'a0701f15-4ce6-4e0c-9c5e-64d1ad8a0d4d'),
	('00000000-0000-0000-0000-000000000000', 51, 'edmgy2rbbzf3', '58d6bdf2-d6ce-42c6-b896-131dac324bac', false, '2026-04-21 21:09:29.579143+00', '2026-04-21 21:09:29.579143+00', NULL, '6a43db81-286c-40b3-9b56-a0aef7bdbedf'),
	('00000000-0000-0000-0000-000000000000', 52, 'olwaebi3nv4n', '58d6bdf2-d6ce-42c6-b896-131dac324bac', false, '2026-04-21 21:09:36.461117+00', '2026-04-21 21:09:36.461117+00', NULL, '5d4d767e-753b-472a-82b4-60d994020cc1'),
	('00000000-0000-0000-0000-000000000000', 53, 'j3ew4lwjtmxu', '58d6bdf2-d6ce-42c6-b896-131dac324bac', false, '2026-04-21 21:09:53.659124+00', '2026-04-21 21:09:53.659124+00', NULL, 'e54b4763-0fb5-4491-8d66-baf23d2b87db'),
	('00000000-0000-0000-0000-000000000000', 54, 'qsnpst3me5h7', '58d6bdf2-d6ce-42c6-b896-131dac324bac', false, '2026-04-21 21:10:28.449857+00', '2026-04-21 21:10:28.449857+00', NULL, 'f70b764d-3769-47e7-825f-219595d4f864'),
	('00000000-0000-0000-0000-000000000000', 55, 'cksfxieq4ajf', '58d6bdf2-d6ce-42c6-b896-131dac324bac', false, '2026-04-21 21:19:22.99529+00', '2026-04-21 21:19:22.99529+00', NULL, 'adf02951-56e1-4df0-acc1-b3fa0b3dec74'),
	('00000000-0000-0000-0000-000000000000', 56, '4ydeplizqgj2', '58d6bdf2-d6ce-42c6-b896-131dac324bac', false, '2026-04-21 21:19:46.702223+00', '2026-04-21 21:19:46.702223+00', NULL, '57f81ca7-85a5-415a-afe2-26f9c0c950d2'),
	('00000000-0000-0000-0000-000000000000', 57, 'bvdpzr5bi5b3', '58d6bdf2-d6ce-42c6-b896-131dac324bac', false, '2026-04-23 16:43:41.378251+00', '2026-04-23 16:43:41.378251+00', NULL, '7d95a803-3c42-48df-95ee-6228cfc19155');


--
-- Data for Name: sso_providers; Type: TABLE DATA; Schema: auth; Owner: supabase_auth_admin
--



--
-- Data for Name: saml_providers; Type: TABLE DATA; Schema: auth; Owner: supabase_auth_admin
--



--
-- Data for Name: saml_relay_states; Type: TABLE DATA; Schema: auth; Owner: supabase_auth_admin
--



--
-- Data for Name: sso_domains; Type: TABLE DATA; Schema: auth; Owner: supabase_auth_admin
--



--
-- Data for Name: webauthn_challenges; Type: TABLE DATA; Schema: auth; Owner: supabase_auth_admin
--



--
-- Data for Name: webauthn_credentials; Type: TABLE DATA; Schema: auth; Owner: supabase_auth_admin
--



--
-- Data for Name: goods; Type: TABLE DATA; Schema: public; Owner: postgres
--

INSERT INTO "public"."goods" ("id", "title", "description", "embed", "quantity", "cost", "created_at", "created_by") VALUES
	('6ca0da52-9d36-4516-8688-9fbb4eb88fef', 'Silk Dress', 'Elegant red silk dress for special occasions', '[0.57593477,-0.050787065,0.42358628,0.02249502,-0.08099501,0.5555384,-0.3733725,0.5994773,-0.13936499,0.19192809,0.24004997,-0.12099904,-0.71645373,-0.907331,0.73425615,-0.8306687,0.61913997,0.11871889,-0.09398803,-0.50924635,-0.24633095,1.5650302,-0.9300572,-0.09311144,-0.14835693,0.3910765,0.14029145,-0.24633716,-0.28783357,-0.54929876,-0.747306,0.5470088,-0.20523904,0.8207665,0.51544726,1.1748798,-0.096139416,-0.29622236,-0.9712066,0.4017258,0.08192484,0.2691298,0.05957916,0.5046539,0.6922966,0.14234824,0.034043834,0.5716395,-0.5138656,-0.6007281,-0.07296086,0.06326498,0.02887268,-0.5812994,-0.2794588,-0.18495165,-0.5697582,-0.65376073,0.7201706,0.3539072,-0.16419883,-0.45113793,0.2618951,0.45504013,0.4104007,0.82209957,0.24183157,-0.32581452,-0.90827376,0.8542748,-0.481731,-0.85597533,0.24546555,0.12805203,-0.9249177,0.07079668,1.1609073,0.059270117,0.37915784,-0.1628688,0.41899192,0.22202207,0.75629014,-1.2346567,0.22341424,-0.26025927,0.23328736,-0.32077962,0.012131172,0.3886116,0.03834297,-0.9788139,-0.2303708,0.8398938,0.28564358,-0.30154842,-0.04596944,-0.10087712,0.092410035,0.54284406,-0.29472697,0.71715593,-0.77248585,-0.8244218,0.50797987,1.0627946,0.07870407,-0.4408407,0.3478806,0.42507666,-0.9032887,0.3058556,-0.7501594,0.24613017,0.56416744,-0.37234518,0.14491342,-0.19002564,0.6575703,0.34873953,-0.30812082,0.44745234,0.12670538,0.17286883,0.13576424,-0.14319712,-0.08411966,-0.25071317,0.5291385,-0.5089536,-0.32412863,0.168554,0.05434129,-0.022361048,0.38104564,-0.12887375,1.0204988,-0.15191513,-0.9210396,0.45909083,-0.064663984,-0.1435971,-0.64255995,0.75404835,0.79526776,0.035946786,0.6271238,0.3775881,0.118840195,0.26525924,1.0105189,0.22247067,-0.5103362,-0.59516996,-0.51988244,0.049809687,0.36867487,-0.9266586,-0.6654465,-0.5206654,1.3882307,-0.5630366,0.5211616,0.19640107,-0.1740345,-0.695248,0.58294725,-0.12926766,-0.34099284,0.10051213,-0.30227366,-0.49057835,0.076387644,0.1263033,0.9556626,-0.46676475,0.21853358,0.2870583,-0.27912673,-0.10451588,-0.3803749,0.023467163,-0.50685114,0.32704392,0.050881762,-0.43279746,-0.03958779,0.71060085,0.6529415,0.2956057,0.5427913,0.99398124,0.49336964,0.15390864,-0.24796681,-0.26737916,0.054004703,1.1156807,0.40358552,0.23326762,-0.4586598,-0.628515,0.43311206,-0.3928544,0.033984248,-0.1842024,-0.2510266,0.78010106,-0.96234924,0.022642776,0.38413966,0.49386472,-0.7964735,0.8641513,0.77029777,0.32565978,-1.11041,0.25802356,0.5744967,0.5441606,-0.67607635,-0.3230309,-0.2582919,-0.5463034,0.37500638,-0.7299686,-0.21452053,-0.9060694,-0.11322803,0.38833505,0.5445291,0.52060455,0.39769834,-0.13387263,0.6687132,-0.8795997,0.035702612,-0.34144726,-0.2839038,0.7158791,-0.6800799,0.27878845,-0.3277528,-0.12230634,0.6579023,-1.1641924,0.6428731,-0.3197097,0.05598036,-0.7303827,0.21331169,0.8084815,-0.13191108,0.058874995,-1.2024808,0.5801536,0.6623362,0.15613385,-0.5787078,0.16707896,-0.04654982,0.017285036,-0.07241813,0.30933183,0.5621844,-0.7627683,-0.52088106,-0.009246708,0.18658847,0.4112953,-0.048334677,0.22762452,-0.3307428,-0.3267749,0.39412305,-0.0036375895,-0.0065432657,-0.8840211,0.13239314,-0.27563852,-0.3895299,-0.642742,-1.075106,0.026513591,0.041495826,-0.6407328,0.003685753,-0.21849973,0.39646485,-0.2642948,-0.083955236,-0.12263179,0.100679554,-0.03217779,-0.7122453,0.6845004,0.041040298,0.31959346,-0.38093522,-0.5281556,-0.45006004,0.7560343,0.79110545,0.11044779,-0.26488504,0.28357014,-0.46791035,0.20117508,-0.580826,-0.2500887,0.711332,-0.3670343,-0.066071115,0.046351217,0.8021557,1.001132,-1.2295628,0.6328024,0.20153163,0.1578297,0.024630317,0.35339704,0.2377313,-0.19579513,0.07379001,0.5728994,0.24941318,-0.3172872,0.5568157,-0.28515875,-0.014859226,0.4634859,1.0438534,0.41916764,-0.13373408,0.3403745,-0.5453124,-0.010403899,0.50553346,0.51190513,0.08055828,-0.38978845,0.25462818,0.10290387,0.5662526,-1.0336195,0.5125318,0.0340433,-0.6891454,0.112597026,-0.30598903,-0.57719696,0.19911103,0.102510564,0.5093479,-0.46885744,-0.14514084,-1.0067099,-0.660771,0.40744123,0.5868572,0.25393486,-0.5111694,0.35400704,-0.5725311,-0.75065064,-0.34416735,-1.3582215,-0.05492756,0.33842787,-0.4160544,-0.6640571,0.22226714,-0.29628506,-0.025393834,0.386651,-0.2843494,0.09895436,0.6172036,-0.5913869,0.16120502,-0.9383832,-0.55382454,0.34220138,0.10083142,-0.34145236,-0.055539884,-0.33142242,-0.09596005,0.5039091,-0.6037966,-0.5730977,0.15758081,-0.05312151,-0.77397025,-0.63864136,-0.18973078,0.10688571,-0.44243965,-0.16204894,0.13473724,0.1036252,-0.51101375,-0.17882471,-0.13100971,-0.23666047,-0.40789312,0.7870559,0.4121326,-0.011670423,-0.15262288,0.23304892,-0.40398374,-0.009792115,-0.39226237,-0.4841605,-0.4446212,0.275792,0.44562253,0.11080604,-0.5249131,-0.59856623,0.097118914,-0.08776851,-0.100877255,-0.23842631,-0.60398006,0.9514002,0.36131018,-0.05941014,-0.4856639,-0.4678056,-0.76662433,0.3168733,0.029617924,0.25424835,0.25728315,0.38237852,-0.013227669,0.09182043,-0.291935,-0.10602615,-0.5625611,0.12526911,0.09384292,-1.1089774,-0.6551473,0.018735683,0.7156241,0.8075855,-0.07174135,1.1120658,-0.15905637,-0.8645554,0.2757363,0.5700202,0.81736237,0.6139296,-0.33921862,-0.18438233,0.2957583,-0.36919641,0.41859785,-0.4857859,0.18333264,-0.3583246,-0.9688497,0.18962158,0.054104056,-0.87887466,-0.2633328,0.6154933,-0.9445149,0.2224,-0.6369495,0.56431633,-0.6374532,0.6200416,-0.12068581,-0.24016826,-0.10876494,0.3599948,-0.3536437,0.89987236,0.16388021,0.378312,-0.111335866,0.50100917,-0.082377344,0.25698304,0.7905808,-0.9070747,0.16334611,0.39252508,-1.4796739,0.42313588,0.31812516,-0.78606766,0.4257368,0.047618195,-0.07788038,0.20234704,0.014094146,0.16768979,-0.52899057,-0.40153015,-0.39964816,-0.6066409,0.2250543,0.08721336,0.16103685,0.022735853,0.2200382,0.38586012,-0.13559777,-1.1803064,-0.42525145,0.5876993,-0.9174202,0.8014013,0.26844284,0.36397204,0.18138592,0.031137314,1.0310665,-0.3016227,0.25455007,0.56766444,0.66091406,0.6850434,0.25052464,0.39514157,0.06988174,-0.10951078,-0.2292962,0.62040997,0.03212087,-0.31969115,-0.4797814,0.3474784,0.3089051,-0.33629653,-0.54891896,-0.684461,-0.13461567,0.10295155,-1.203371,0.051095333,0.07348694,-0.19207294,-0.5570051,-0.25731903,0.37299275,0.49176735,-0.029223196,0.49722648,-0.24306129,-0.3145718,-0.38307562,-0.504659,-0.97735304,-0.13881396,-0.57066923,0.24884932,-0.30867717,0.48744917,-0.879761,-0.17338058,-0.8866368,-0.047217306,-0.1590369,0.4500133,0.010874837,0.5375455,0.36407527,0.5124071,-0.92117506,-0.048430752,-0.1804856,-0.22086585,0.73884845,-0.29418835,0.6064935,0.051207833,0.67742175,-1.0010289,-0.20683481,-0.04507028,0.15628994,0.17072934,-0.58626235,0.076827414,-0.18595095,0.076010756,0.39920557,-0.03145933,-0.09744946,0.5925818,-0.4903382,-0.0986917,0.58198357,-0.6399533,0.2598538,0.20943959,-0.31123376,-0.5449799,-0.2181541,-0.24341796,-0.71210873,-0.018122852,0.952429,0.50798124,-0.26101422,-0.20540996,-0.56376153,0.5322926,-0.34122285,0.3301851,-0.17109673,-0.6468743,0.32824925,-0.45367235,0.7032003,0.97665054,0.50394064,-0.6603076,-0.14330463,0.77355117,0.12919253,0.12295735,-0.61933345,-0.19379967,0.69181615,-0.21605287,0.5324061,0.1716797,-0.40802273,-0.061520346,-0.77673626,0.18477762,-0.25765854,0.05117354,0.6847803,-0.20831506,0.28195456,0.77189875,-0.07180225,0.7159576,-0.6519882,0.48654085,0.032276094,0.109095335,0.09791375,-0.3681751,-1.3046691,-0.16305551,-0.11278702,0.074135676,-0.073396534,-0.23491524,-0.2363228,-0.25437477,-0.751583,1.1641691,-0.85015297,0.17250288,-1.0183941,1.0122616,0.17198554,-0.7345482,-0.24345364,-0.40483758,0.3518738,1.0520993,0.81348723,-0.2960808,0.5854303,-0.44421706,-0.107191965,-0.34776136,0.10096768,-0.06165452,0.054661438,0.70268625,-0.7643202,-0.054433007,0.57423335,0.40158498,0.33557707,-0.048751757,0.6345816,-0.37388226,0.040459055,-0.0067563676,0.31418896,-0.70110923,0.43027136,-0.17709282,-0.2928198,0.68794876,0.0779778,-0.60744244,0.69064134,-0.3698057,-0.6858183,0.45900926,-0.20446943,0.1403405,-0.25896418,0.9262388,0.37543482,-0.33352533,0.6029841,0.15612876,0.01467208,1.5836928,-0.15911588,0.29062292,-0.42019036,-0.27485546,0.17380653,0.43478414,0.78132504,0.45687914,-0.5908818,-0.5680435,0.18310812,0.5923551,-0.39717153,-0.0922225,0.22594103,0.33000877,-0.44090992,-0.4785236,0.46840954,-0.29465327,-0.001457513,-0.13074248,0.7122059,0.12516582,-0.8106508,0.7291945,0.024125006,-0.23588693,-0.3459587,0.23805483,0.08456929,-0.5308495,0.33706957,-0.18448426,0.39719573,0.0699172,-0.580139,0.047323328,0.04380102,0.14916621,0.011028143,0.06299132,-0.15099797,-0.4512622,0.19012898,-0.22397357,0.21052156,0.16129623,-0.5821106,0.62441635,-0.010095028,0.55557084]', 5, 120.0, '2026-04-21 15:57:32.012626+00', '58d6bdf2-d6ce-42c6-b896-131dac324bac'),
	('9be0fc1b-bf4b-4d71-a814-7a32e19b4bab', 'very tasty apple', 'red apple suitable for quick snack after fitness', '[0.4326303,0.51699287,-0.12747718,-0.23534587,-0.08310356,0.553876,-0.032531355,-0.19259986,1.0409392,0.0073499857,0.4433003,0.72885114,-0.21074267,-0.17653415,0.1309365,0.07248887,-0.3213325,-0.45083594,0.4652083,-0.28857476,-0.47001266,0.39882222,-0.061463658,-0.76184607,-0.3376996,0.04971226,0.052139375,0.096911624,0.40919366,-0.8890723,-0.40060943,-0.29830793,0.19789316,0.41386425,-0.64491534,1.3431944,-0.551464,0.063060164,0.18202506,-0.36795345,0.5432757,0.09081804,-0.14631003,-0.08110786,-0.9897583,0.18294376,1.4452883,-0.22318505,-0.64322245,0.2652456,-0.07461135,-0.714295,1.0135895,-0.39518782,0.25565034,-0.6479069,0.14187728,-0.087290145,0.40732422,-0.6251179,-0.2907038,-0.38159788,-0.27282956,-0.18705347,-0.3317257,0.6309861,0.53099424,0.27861726,-1.0593956,0.25434938,-0.15928157,0.56946284,-0.82358575,-0.21472825,-0.58521426,0.3727365,0.18685547,0.26022345,0.09547556,-0.31936166,-0.17914115,0.6321188,-0.7519434,-1.4473628,-0.607551,-0.09127605,0.4862612,-0.5925748,0.068131804,0.496986,-0.20496336,-0.9888398,-0.8176896,0.43735254,0.12626775,0.49451366,0.08866895,0.45199606,0.43997872,-0.139866,-0.21679297,0.4218559,0.22086088,-1.21264,-0.3291667,1.1415771,0.38470936,0.3603966,0.49308598,-0.68931514,-0.7541888,0.898446,0.5139893,0.48808247,0.38114083,-0.15250884,0.64117414,-0.13351795,-0.62369436,0.8721742,0.37238324,0.00038715795,0.24355507,0.17717254,-0.3710875,-0.81128734,-1.3444325,-0.11144501,-0.57568413,-0.18799888,0.28159916,0.51428986,-0.41424128,0.12661897,0.45155072,-0.28546277,0.7079271,-0.40270275,-0.52350694,-0.35616353,-0.54456764,-0.97440267,-0.51341784,-0.054639965,-0.4291671,0.2739874,1.0348907,0.14690316,-0.30338314,0.026936648,0.2587084,0.5027804,-0.169914,0.48208192,-1.1196622,0.3056164,0.22544427,-0.4919826,0.37190908,-0.6047284,0.5365786,-0.16709088,-0.4563106,0.098846436,0.000754716,0.18783538,-0.02312185,0.36479017,0.15468092,1.2427448,-0.18370958,-0.6591754,0.016157508,0.32935986,0.58298576,-0.14825238,0.30743727,0.023936925,0.45150062,-0.8479484,-0.6982621,0.2531109,0.1956922,0.75061876,-0.18052733,-0.18376489,1.0615155,0.28138903,-0.0006496613,0.28643775,-0.23016894,0.29712903,-0.5019945,0.9789414,-0.97945654,-0.13343519,0.62784994,0.19264469,-0.22263354,0.46119273,0.27700326,-0.94868207,0.5506862,0.14200725,-0.35294196,0.053038813,0.18576443,0.8396732,-0.5294366,-0.19043979,0.10157045,-0.6264773,-0.9284001,0.43077192,0.47678453,0.25845176,0.051060356,0.92380303,0.7248052,0.07668495,0.2838039,-0.015192079,-0.54134494,-0.102770634,0.16902637,0.19216931,-0.084529944,0.85524416,0.097875275,0.28030038,-0.52358615,0.17296426,-0.72465384,-0.87387824,0.23861955,0.41200128,-1.1234758,-0.18238735,-0.796397,-0.8726126,0.097906575,-1.071202,-0.3705587,-0.5147765,-0.036410924,-0.48414576,0.8711372,-0.4051161,0.9724439,-0.025929729,0.12589449,0.24949042,-0.19146962,0.04860923,0.24373603,1.3877887,0.13682784,-0.2606984,-0.26248753,-0.13977744,-0.48389807,-0.8764681,0.57038563,-0.66186005,0.20824797,-0.13019599,-0.7206648,0.36596474,0.23482405,-0.17914867,-0.48095453,-0.13972434,0.44495755,0.20769273,-0.3141876,0.23137185,0.17464904,0.20401713,-0.6718704,0.1978647,-0.08881892,-0.6470855,-0.38622934,-0.9457389,-0.81777036,-0.16088974,-0.4200249,-0.50586545,-0.7413591,0.11439537,-0.07546621,0.43065622,0.56175554,-0.17379355,0.5001484,-0.7253444,0.12960255,-0.6170143,0.19949877,-0.41734475,-0.25568774,0.34284043,-0.39007413,0.13276653,-0.5253555,-0.12559825,0.03094924,0.36901858,-0.43114161,-0.4183294,0.1029815,-0.018236263,-0.11522339,-0.15947081,-0.14117748,0.468538,-0.29941407,-0.049274195,-0.83418906,0.5927366,0.44538978,0.87037677,0.55953044,0.07736691,0.086694285,0.6861454,-0.624838,0.28023818,0.73490626,-0.16118897,-0.12217969,-0.16291258,0.17825364,0.4441107,0.14660507,0.490181,-0.28066176,0.61356163,0.04068841,0.07157146,0.1402796,-0.3773532,-0.62768877,0.48912495,0.7533764,-0.80142957,0.77569145,-0.6757035,-0.27663112,0.39354187,-0.2909509,0.0077524497,0.39654607,0.262822,0.31380534,-0.2261245,0.32741654,-0.59360963,-0.36893657,0.11368952,-0.5897673,0.27207592,-0.108965755,0.8806571,0.009979926,-0.45735803,-0.15994471,-0.40735748,-0.19228794,-0.07154623,-1.1076756,0.28971717,-0.11992025,0.24556607,-0.25505286,-0.89481,0.15756032,-0.016063554,-0.027017955,0.29939562,-0.29761755,0.3520576,-0.8504378,-0.15396924,-0.09661853,0.8260886,0.09836178,-1.4140601,0.38917682,0.4077657,-0.04824606,-0.2652692,0.09176895,-0.45851383,-0.15026653,-1.0519654,0.31990394,0.31296903,-0.4934683,0.05126141,0.9133139,-0.71693325,-0.7089038,0.4104675,0.05177736,-0.09347034,0.49291912,-0.26944664,-0.21901286,-0.3644996,0.5914504,-0.21377242,0.09683048,0.43100816,-0.1879945,-0.28076276,-0.27062005,-0.040150877,-0.082177624,-0.46851212,0.26459083,-0.12646909,0.6886738,0.046980638,0.08897515,-0.14987735,0.46702084,0.8626996,-0.7678877,-0.79873216,-0.38974395,-0.031118246,0.28855965,0.7650044,-0.108292274,0.4864632,-0.12479519,1.094256,0.24824455,-0.3215322,-0.15986063,-0.4073845,0.028751418,0.08983349,-0.65155506,0.4370886,0.024362674,0.34252143,1.0771407,0.7328069,-0.28784874,-0.9014691,-0.107188314,0.06476301,0.9340798,0.57008284,0.6704272,0.67782617,0.70207113,-0.70896685,-0.21826929,-0.04211675,0.28816712,-0.21064545,-0.9347918,-0.41661602,-0.6875697,0.20290412,0.4017116,-1.0460192,-0.9641036,-0.2619092,0.22901346,0.983552,-0.20852189,0.9502593,-0.44517615,-0.72359943,-0.87655854,0.48495704,0.51364,-0.10552605,-0.5534139,-0.48029426,0.37444407,0.19788961,-0.23615377,-0.32072884,0.07688133,0.15427081,0.80720514,-0.6002146,0.2628081,0.40637022,-0.27168095,-0.3070017,0.9006252,0.20183289,0.112616025,-0.19005488,-0.01200269,0.10642935,0.6636274,0.9263979,-0.7754508,-0.22885078,-0.35327247,-0.7129706,-0.113107264,0.20185344,0.3625233,0.75141644,-0.16638565,0.5500801,-0.14364013,-0.06936344,0.32281432,0.03256402,0.23933144,-0.01969937,0.09598581,0.39610907,-0.719685,0.39975554,-0.039918926,-0.018823335,-0.41583848,0.22190113,-0.5046503,0.8540428,0.714095,0.1105546,0.14380492,0.89415544,0.016187884,-0.0675358,0.38207322,-0.18811385,-0.07475429,0.5013818,-0.3081106,-0.388946,0.05144593,-0.38109124,-0.84080344,-0.117829785,-0.21258083,-0.8361677,0.49008998,-0.39545318,-0.46564353,-0.24957483,0.24872641,0.31209928,-0.22047432,0.4898091,-0.079148024,-0.584032,0.13748455,-0.20049927,-0.1097028,-0.16200168,-0.4158184,0.46852618,-1.3415923,0.28686827,-0.5923877,-1.1561568,0.50574887,0.25640443,-0.16289143,0.19051802,-0.99057674,0.02385086,0.20953718,-1.2115583,0.26267785,-0.52522194,-0.73673284,0.20685028,0.11910186,0.028033685,-0.30323502,-0.2456267,0.4944295,-0.8187759,-0.18907152,-0.1416492,-0.42210636,-0.108710594,-0.08002233,-0.6671762,0.21893689,0.10530744,-0.31458706,-0.29552856,-0.22993945,0.42150506,0.51076204,1.0613908,-0.1847122,-1.0222834,0.5172358,-0.3828158,0.088877335,-0.0072915275,0.012089875,-0.1846518,0.238833,0.42263204,0.29416302,-0.27490994,-0.35387763,0.20695086,-0.9324819,-0.3940902,0.5821206,-0.5354543,0.6050802,-0.15509775,-0.10753349,0.24053127,-0.07870265,0.22397108,0.07240378,-0.13796483,0.15626696,0.5243043,-0.3721212,-0.08764039,0.09315346,0.25210378,0.88603157,0.2963792,-0.5245467,0.084072,0.3796292,-0.68913525,1.2662034,-0.051458158,0.008031828,-0.03523693,-0.013988029,0.34647003,-0.35476276,0.047668673,-0.53628564,-0.4902246,0.027355496,-0.24957575,0.23182328,-0.34787434,0.57231194,0.095762745,-0.5295349,-0.5703478,-0.2752115,-0.74465525,-0.26046276,0.3853334,-0.20342566,-0.43362555,-1.1811855,0.5610564,0.13524,0.17958583,0.07191095,0.4733326,-0.636338,0.09780092,-0.13442056,-0.31994233,-0.34584865,0.054603584,0.1645715,-0.3801443,0.18038745,-0.076757185,-0.2913035,0.2925918,-0.048356622,0.018105062,0.73003614,0.45672154,-0.18705676,0.0289653,0.33807233,-0.12389606,-0.44580314,0.6722736,-0.29216027,-0.62991804,-0.34082353,0.9141281,0.772532,-0.2343383,0.23800811,0.029243851,-0.148415,0.48517993,-0.33595175,-0.033447597,0.93311137,0.1917962,0.2746889,-0.6025235,0.31200048,-0.078051716,0.4320144,0.34521163,0.09113283,0.13400334,0.25465396,0.073681094,-0.096277244,0.3787112,0.09523375,0.24226339,0.36038002,0.15828551,0.65523577,0.4989541,-0.6373638,0.80130965,-1.3364701,0.29604307,1.1056627,0.27045688,-0.1557191,-0.69372183,0.10952923,-0.120186396,0.8954759,0.92543423,0.7460614,-0.0727056,0.08415899,0.5771146,1.1487296,0.68043923,-0.113277204,0.7961774,-0.65464365,0.08670587,0.15577912,0.044771604,0.47764724,-0.24502714,0.45480138,0.27589974,-0.2801175,0.5634483,-0.47597232,0.45011845,-0.17739007,0.40150785,-0.9356534,-0.390263,0.78337693,0.14968014,0.08426869,0.5393581,-0.014320796,0.7651571,0.067262955,0.70655626,-0.4320301,0.10447522]', 300, 2.0, '2026-04-21 18:14:54.999536+00', '58d6bdf2-d6ce-42c6-b896-131dac324bac'),
	('727db415-cc27-4795-b3ac-c24d51c109e1', 'Midnight Velvet Gown', 'Luxurious floor-length velvet dress with elegant draping', NULL, 10, 489, '2026-04-23 16:43:42.804922+00', '58d6bdf2-d6ce-42c6-b896-131dac324bac'),
	('a76940b6-0d09-4b50-bb4b-7411b3a5c5c0', 'Silk Noir Slip', 'Minimalist silk slip dress with cowl neckline', NULL, 10, 325, '2026-04-23 16:43:43.416085+00', '58d6bdf2-d6ce-42c6-b896-131dac324bac'),
	('829451c6-5fac-4af9-b1cd-d1383fb3f8dc', 'Celestial Sequin', 'Hand-beaded sequin dress with starry constellation pattern', NULL, 10, 695, '2026-04-23 16:43:44.384906+00', '58d6bdf2-d6ce-42c6-b896-131dac324bac'),
	('0f6dd074-edda-4650-bd19-e4a8c16e2ecd', 'Emerald Satin', 'Emerald green satin midi with asymmetric hem', NULL, 10, 445, '2026-04-23 16:43:44.933232+00', '58d6bdf2-d6ce-42c6-b896-131dac324bac'),
	('19a3dd8e-720b-45ed-b73c-927e1bf1fd74', 'Champagne Dreams', 'Flowing champagne tulle with delicate embroidery', NULL, 10, 550, '2026-04-23 16:43:45.523196+00', '58d6bdf2-d6ce-42c6-b896-131dac324bac'),
	('a79b59da-bdf1-4c4e-96ef-2c89e63e5da1', 'Linen Sunrise', 'Breezy linen dress perfect for summer days', NULL, 10, 195, '2026-04-23 16:43:46.331012+00', '58d6bdf2-d6ce-42c6-b896-131dac324bac'),
	('745bfcfc-3ac5-4646-8d59-d830cfe0fb3e', 'Cotton Meadow', 'Soft cotton midi with vintage floral print', NULL, 10, 165, '2026-04-23 16:43:46.883705+00', '58d6bdf2-d6ce-42c6-b896-131dac324bac'),
	('53443bbc-55b1-45b8-8685-00c3c98de29f', 'Denim Serenity', 'Structured denim shirtdress with brass buttons', NULL, 10, 225, '2026-04-23 16:43:47.515605+00', '58d6bdf2-d6ce-42c6-b896-131dac324bac'),
	('2fcae97d-2992-40bd-a51f-d75095ebc0c6', 'Bohemian Breeze', 'Flowing maxi dress with ethnic embroidery', NULL, 10, 275, '2026-04-23 16:43:48.089828+00', '58d6bdf2-d6ce-42c6-b896-131dac324bac'),
	('516d53a5-84c5-4989-8270-583cbd08121c', 'Classic Stripes', 'Nautical striped dress with nautical details', NULL, 10, 145, '2026-04-23 16:43:48.696029+00', '58d6bdf2-d6ce-42c6-b896-131dac324bac'),
	('ef047461-f909-41ac-a30a-accd950ebbd1', 'Azure Breeze Maxi', 'Lightweight sky blue cotton maxi with spaghetti straps', NULL, 10, 185, '2026-04-23 16:43:49.263766+00', '58d6bdf2-d6ce-42c6-b896-131dac324bac'),
	('46f76346-1292-4658-89e7-cfa778660a75', 'Lemon Zest Sundress', 'Bright yellow linen dress with button-down front', NULL, 10, 155, '2026-04-23 16:43:49.818337+00', '58d6bdf2-d6ce-42c6-b896-131dac324bac');


--
-- Data for Name: users; Type: TABLE DATA; Schema: public; Owner: postgres
--

INSERT INTO "public"."users" ("id", "created_at", "name", "dob", "created_by") VALUES
	(7, '2026-04-21 15:07:30.93187+00', 'Jane Update', '1988-12-31 23:59:58', '58d6bdf2-d6ce-42c6-b896-131dac324bac');


--
-- Data for Name: buckets; Type: TABLE DATA; Schema: storage; Owner: supabase_storage_admin
--



--
-- Data for Name: buckets_analytics; Type: TABLE DATA; Schema: storage; Owner: supabase_storage_admin
--



--
-- Data for Name: buckets_vectors; Type: TABLE DATA; Schema: storage; Owner: supabase_storage_admin
--



--
-- Data for Name: objects; Type: TABLE DATA; Schema: storage; Owner: supabase_storage_admin
--



--
-- Data for Name: s3_multipart_uploads; Type: TABLE DATA; Schema: storage; Owner: supabase_storage_admin
--



--
-- Data for Name: s3_multipart_uploads_parts; Type: TABLE DATA; Schema: storage; Owner: supabase_storage_admin
--



--
-- Data for Name: vector_indexes; Type: TABLE DATA; Schema: storage; Owner: supabase_storage_admin
--



--
-- Name: refresh_tokens_id_seq; Type: SEQUENCE SET; Schema: auth; Owner: supabase_auth_admin
--

SELECT pg_catalog.setval('"auth"."refresh_tokens_id_seq"', 57, true);


--
-- Name: users_id_seq; Type: SEQUENCE SET; Schema: public; Owner: postgres
--

SELECT pg_catalog.setval('"public"."users_id_seq"', 7, true);


--
-- PostgreSQL database dump complete
--

-- \unrestrict NJlX6yCDwYKJde98c9wZ2Ke6FxWavv2G31IgAsjTeQiOruBW9MTb7BOI5HOf1fp

RESET ALL;
